type,client,tx,amount
deposit,78,1,703.2999
deposit,3,2,382.6615
deposit,54,3,367.8125
deposit,85,4,328.1929
deposit,25,5,98.2244
deposit,19,6,476.476
withdrawal,81,7,230.9514
deposit,25,8,256.1391
withdrawal,30,9,121.7238
withdrawal,54,10,191.3641
withdrawal,82,11,41.8395
deposit,20,12,185.951
deposit,67,13,766.7566
deposit,21,14,704.0143
deposit,77,15,759.2215
deposit,5,16,618.0846
withdrawal,52,17,9.9802
deposit,48,18,843.7234
withdrawal,53,19,13.0955
withdrawal,22,20,395.0069
deposit,45,21,57.9757
deposit,12,22,883.5226
withdrawal,100,23,146.7765
deposit,44,24,206.8126
deposit,13,25,432.3683
deposit,66,26,40.8652
deposit,69,27,416.2092
withdrawal,17,28,221.3485
withdrawal,25,29,59.4823
deposit,36,30,159.9132
withdrawal,76,31,271.4934
withdrawal,57,32,358.2066
withdrawal,28,33,362.3894
withdrawal,34,34,168.0481
deposit,52,35,749.4811
withdrawal,91,36,154.7821
withdrawal,39,37,202.8285
withdrawal,33,38,81.5133
deposit,80,39,42.116
deposit,34,40,756.542
deposit,59,41,169.1197
withdrawal,11,42,329.2751
withdrawal,69,43,292.7956
deposit,21,44,487.1636
deposit,68,45,593.2725
withdrawal,84,46,411.3449
deposit,8,47,896.0499
deposit,9,48,964.318
deposit,12,49,423.5283
withdrawal,53,50,19.9053
deposit,48,51,241.9646
withdrawal,79,52,449.4062
withdrawal,52,53,88.3885
deposit,2,54,789.969
withdrawal,7,55,465.0995
withdrawal,98,56,301.8775
deposit,35,57,496.8552
deposit,61,58,846.9472
deposit,49,59,186.7331
deposit,88,60,236.0101
withdrawal,37,61,477.6722
deposit,92,62,285.6242
deposit,62,63,674.2596
withdrawal,49,64,259.2549
deposit,11,65,930.8792
withdrawal,99,66,483.5415
withdrawal,65,67,219.1369
deposit,99,68,265.0137
withdrawal,2,69,122.1289
deposit,57,70,940.5958
withdrawal,82,71,485.2508
withdrawal,15,72,384.967
withdrawal,38,73,348.5279
withdrawal,48,74,239.3166
deposit,57,75,69.8443
withdrawal,100,76,167.8443
withdrawal,41,77,275.6091
withdrawal,67,78,132.8529
deposit,77,79,671.6427
deposit,14,80,277.5032
dispute,59,41,
deposit,67,81,869.1668
withdrawal,73,82,477.3424
deposit,70,83,677.366
deposit,23,84,401.9894
deposit,88,85,562.534
deposit,86,86,864.7298
deposit,92,87,528.0305
deposit,74,88,213.646
withdrawal,57,89,84.9248
withdrawal,20,90,146.1543
dispute,21,14,
withdrawal,44,91,65.9472
deposit,71,92,789.8494
dispute,34,40,
deposit,50,93,724.5973
deposit,56,94,616.5184
withdrawal,60,95,326.0535
deposit,79,96,770.8496
withdrawal,82,97,17.7754
withdrawal,78,98,405.6407
withdrawal,24,99,63.3598
deposit,11,100,800.0207
withdrawal,71,101,264.1234
withdrawal,81,102,397.3999
withdrawal,48,103,320.3764
deposit,99,104,243.3017
deposit,70,105,704.7678
deposit,76,106,53.2604
deposit,23,107,235.8647
withdrawal,62,108,128.2614
withdrawal,16,109,134.7176
withdrawal,5,110,470.295
deposit,40,111,694.4917
deposit,62,112,935.8876
deposit,73,113,216.7862
deposit,100,114,9.3477
deposit,76,115,11.3082
withdrawal,32,116,321.1591
withdrawal,38,117,368.4503
withdrawal,94,118,403.6437
withdrawal,46,119,365.2575
withdrawal,55,120,432.1691
deposit,18,121,403.0185
dispute,2,54,
deposit,82,122,538.2904
deposit,18,123,149.0064
deposit,58,124,806.3609
withdrawal,91,125,395.834
deposit,45,126,382.9383
deposit,96,127,384.9604
deposit,9,128,782.4563
withdrawal,98,129,263.2825
deposit,81,130,73.4723
deposit,44,131,63.5465
deposit,2,132,791.8182
withdrawal,93,133,236.3408
deposit,79,134,760.1935
dispute,20,12,
withdrawal,78,135,181.0736
deposit,40,136,243.981
deposit,7,137,200.1912
chargeback,2,54,
deposit,11,138,404.0418
deposit,75,139,158.5132
withdrawal,57,140,81.9153
withdrawal,59,141,203.473
withdrawal,25,142,26.0407
deposit,18,143,677.5404
deposit,5,144,542.7306
withdrawal,69,145,308.104
withdrawal,23,146,474.7921
withdrawal,2,147,62.9699
withdrawal,1,148,267.8075
withdrawal,37,149,352.1598
deposit,74,150,194.1125
withdrawal,20,151,421.9025
deposit,6,152,416.3327
withdrawal,88,153,154.0457
deposit,13,154,518.4703
withdrawal,31,155,169.7122
deposit,68,156,48.2853
dispute,73,113,
deposit,36,157,308.0949
withdrawal,57,158,57.2407
deposit,30,159,340.1636
deposit,43,160,501.1532
deposit,82,161,807.6881
deposit,89,162,769.5595
deposit,13,163,33.273
withdrawal,35,164,18.9641
withdrawal,98,165,195.7972
withdrawal,84,166,356.8729
deposit,62,167,810.009
deposit,34,168,280.8224
deposit,100,169,993.4665
withdrawal,82,170,117.7759
deposit,31,171,6.1094
deposit,96,172,358.1105
withdrawal,62,173,45.452
deposit,81,174,905.9822
deposit,49,175,332.4605
withdrawal,68,176,32.7497
withdrawal,72,177,428.2258
deposit,27,178,415.7354
withdrawal,42,179,235.9577
withdrawal,75,180,302.5667
deposit,92,181,29.8817
deposit,80,182,111.2648
deposit,76,183,336.7097
deposit,79,184,701.0264
deposit,50,185,251.6892
withdrawal,56,186,42.5055
dispute,56,94,
deposit,26,187,535.8425
dispute,25,5,
deposit,55,188,589.3429
withdrawal,53,189,250.8639
deposit,1,190,150.6375
deposit,36,191,346.5118
deposit,13,192,61.9922
deposit,6,193,887.9384
withdrawal,35,194,389.8133
withdrawal,93,195,59.7284
withdrawal,3,196,454.6312
deposit,84,197,114.2005
withdrawal,11,198,174.571
dispute,68,45,
deposit,26,199,681.1098
withdrawal,38,200,139.4171
deposit,34,201,267.4297
withdrawal,4,202,75.9679
deposit,42,203,71.7399
deposit,65,204,625.8571
deposit,73,205,649.0906
withdrawal,3,206,6.4192
deposit,55,207,198.9553
withdrawal,85,208,131.9406
withdrawal,90,209,337.4569
withdrawal,87,210,389.519
withdrawal,5,211,302.349
deposit,67,212,165.7003
withdrawal,42,213,184.5402
deposit,97,214,123.4295
deposit,97,215,216.0825
withdrawal,68,216,284.0961
deposit,53,217,454.5852
deposit,55,218,43.0092
deposit,77,219,805.3983
deposit,4,220,568.3271
dispute,70,83,
dispute,35,57,
deposit,8,221,179.318
deposit,43,222,573.7674
deposit,78,223,718.993
withdrawal,8,224,22.408
deposit,86,225,773.1695
deposit,57,226,268.7623
withdrawal,18,227,439.5533
withdrawal,25,228,193.1267
deposit,35,229,173.2117
deposit,11,230,397.0484
resolve,59,41,
deposit,53,231,126.5027
deposit,15,232,249.7474
deposit,45,233,782.637
deposit,93,234,559.4724
deposit,1,235,137.5666
withdrawal,71,236,359.015
deposit,3,237,563.1149
withdrawal,83,238,329.4933
dispute,21,44,
withdrawal,7,239,498.7607
withdrawal,32,240,440.6612
dispute,93,234,
deposit,42,241,518.0557
deposit,60,242,700.0047
deposit,92,243,410.1992
withdrawal,25,244,74.7575
dispute,65,204,
deposit,27,245,396.2903
withdrawal,33,246,118.2184
deposit,88,247,583.3582
withdrawal,74,248,351.678
dispute,67,13,
withdrawal,34,249,343.9591
deposit,86,250,864.5256
withdrawal,69,251,250.6486
deposit,62,252,733.6319
deposit,33,253,130.5818
deposit,32,254,703.983
withdrawal,16,255,255.056
deposit,1,256,420.1155
withdrawal,71,257,300.1984
deposit,74,258,636.7484
withdrawal,85,259,365.1488
deposit,71,260,68.5921
deposit,64,261,590.5093
withdrawal,67,262,60.3411
deposit,95,263,360.4083
deposit,70,264,489.8029
deposit,2,265,550.241
withdrawal,68,266,234.786
deposit,23,267,855.5856
withdrawal,68,268,344.6208
deposit,99,269,632.1225
deposit,76,270,870.9946
deposit,21,271,999.9583
deposit,56,272,351.6677
withdrawal,73,273,46.4171
deposit,17,274,12.8165
deposit,16,275,812.9582
withdrawal,36,276,199.2324
deposit,55,277,788.8532
withdrawal,69,278,293.8582
withdrawal,27,279,243.7587
dispute,49,175,
withdrawal,63,280,91.8965
dispute,59,41,
withdrawal,4,281,478.8037
withdrawal,44,282,432.7039
withdrawal,58,283,335.1101
withdrawal,18,284,270.6122
withdrawal,68,285,199.3607
withdrawal,84,286,239.909
deposit,57,287,813.0556
withdrawal,67,288,23.4747
deposit,63,289,616.2947
withdrawal,58,290,55.195
deposit,2,291,806.3285
withdrawal,75,292,238.8165
deposit,63,293,16.1742
deposit,10,294,809.7785
withdrawal,73,295,1.0206
dispute,55,218,
dispute,58,124,
withdrawal,13,296,50.8285
deposit,82,297,937.3664
withdrawal,35,298,329.8351
withdrawal,8,299,224.63
withdrawal,76,300,335.3993
withdrawal,38,301,223.2039
deposit,89,302,406.1635
withdrawal,86,303,26.5759
deposit,29,304,465.0849
withdrawal,9,305,387.9106
deposit,83,306,10.611
withdrawal,59,307,325.1593
withdrawal,28,308,192.9896
dispute,64,261,
withdrawal,85,309,491.0846
withdrawal,41,310,222.617
deposit,41,311,829.7083
deposit,65,312,619.6865
withdrawal,47,313,287.8017
withdrawal,56,314,418.4833
deposit,5,315,320.7558
withdrawal,60,316,382.1809
withdrawal,76,317,115.054
deposit,23,318,900.6506
withdrawal,83,319,283.4568
deposit,39,320,298.8629
deposit,35,321,837.582
deposit,70,322,340.4301
deposit,60,323,223.0526
deposit,74,324,441.371
withdrawal,99,325,2.7482
deposit,18,326,905.431
deposit,86,327,962.1739
withdrawal,62,328,310.2608
withdrawal,47,329,277.5832
deposit,2,330,769.4959
deposit,82,331,680.566
withdrawal,48,332,100.2775
dispute,40,136,
deposit,19,333,845.2318
deposit,88,334,936.713
withdrawal,99,335,265.1727
withdrawal,68,336,102.8021
deposit,92,337,302.8231
deposit,71,338,455.5655
deposit,13,339,256.8465
deposit,61,340,122.0899
withdrawal,62,341,92.1433
deposit,79,342,572.5847
deposit,58,343,239.0205
deposit,35,344,732.9383
withdrawal,22,345,417.7284
resolve,25,5,
withdrawal,69,346,106.1685
withdrawal,99,347,278.3209
withdrawal,100,348,496.9579
withdrawal,48,349,288.7646
withdrawal,60,350,44.2739
withdrawal,21,351,322.3379
deposit,97,352,884.5594
withdrawal,86,353,6.9773
withdrawal,43,354,120.5596
withdrawal,53,355,114.4513
withdrawal,73,356,183.7639
dispute,11,230,
withdrawal,42,357,451.2823
deposit,17,358,280.9984
dispute,96,127,
deposit,7,359,951.3214
deposit,39,360,439.9146
withdrawal,47,361,132.9864
withdrawal,96,362,85.7163
deposit,34,363,822.2101
deposit,9,364,964.2641
deposit,86,365,756.5967
withdrawal,40,366,157.6113
withdrawal,38,367,344.3895
deposit,82,368,995.9365
deposit,46,369,482.5155
deposit,84,370,173.4385
deposit,90,371,721.8833
deposit,89,372,589.0072
withdrawal,27,373,407.4005
deposit,66,374,343.6947
deposit,76,375,214.173
withdrawal,76,376,157.6383
deposit,10,377,702.4759
deposit,100,378,187.4607
withdrawal,85,379,214.7303
deposit,33,380,470.2463
deposit,41,381,897.496
deposit,85,382,627.1195
deposit,53,383,605.7709
deposit,84,384,527.2535
deposit,85,385,585.0277
withdrawal,8,386,377.6211
withdrawal,34,387,359.0991
deposit,91,388,538.1697
withdrawal,89,389,19.7824
deposit,75,390,653.0504
withdrawal,71,391,169.32
dispute,67,81,
deposit,75,392,697.3822
withdrawal,26,393,120.073
deposit,24,394,493.8939
withdrawal,16,395,12.5933
deposit,33,396,884.5234
withdrawal,17,397,122.0792
dispute,15,232,
dispute,40,111,
deposit,9,398,708.9009
deposit,28,399,269.9632
deposit,18,400,17.2122
deposit,75,401,506.6759
dispute,75,139,
deposit,26,402,324.0132
deposit,37,403,897.9773
withdrawal,26,404,192.7625
dispute,52,35,
dispute,27,245,
withdrawal,9,405,451.1148
withdrawal,43,406,32.896
deposit,54,407,493.2123
withdrawal,12,408,489.9047
deposit,1,409,97.1512
withdrawal,86,410,367.5481
deposit,63,411,904.8208
withdrawal,24,412,449.1649
deposit,66,413,927.0642
dispute,82,297,
dispute,32,254,
deposit,73,414,131.9791
deposit,14,415,95.9501
deposit,4,416,785.9477
chargeback,73,113,
deposit,40,417,474.6839
deposit,9,418,646.5219
withdrawal,46,419,79.0049
withdrawal,92,420,378.7088
deposit,74,421,584.3702
deposit,7,422,897.4723
deposit,91,423,204.3526
deposit,84,424,552.1208
withdrawal,94,425,418.0296
dispute,90,371,
withdrawal,93,426,80.014
deposit,13,427,65.7849
withdrawal,53,428,314.0242
deposit,67,429,444.0541
withdrawal,45,430,491.8483
deposit,30,431,385.7045
deposit,58,432,922.123
dispute,88,247,
withdrawal,7,433,154.0825
deposit,95,434,752.7061
deposit,63,435,713.3437
withdrawal,21,436,386.8277
deposit,44,437,253.3452
withdrawal,72,438,159.4973
deposit,28,439,354.496
dispute,27,178,
deposit,56,440,977.7909
deposit,65,441,378.6038
dispute,65,312,
deposit,1,442,163.4802
deposit,66,443,622.4856
deposit,43,444,357.1373
deposit,76,445,709.4757
withdrawal,32,446,293.4852
dispute,1,409,
withdrawal,35,447,33.1924
withdrawal,84,448,462.8592
deposit,39,449,561.4326
dispute,17,358,
dispute,50,185,
deposit,93,450,322.0019
dispute,92,181,
withdrawal,30,451,424.7496
deposit,60,452,720.5293
withdrawal,7,453,258.1257
withdrawal,83,454,117.3525
withdrawal,74,455,222.3216
withdrawal,51,456,71.0832
deposit,61,457,451.6556
deposit,15,458,483.7003
dispute,89,162,
withdrawal,32,459,323.3585
deposit,48,460,266.8918
withdrawal,69,461,448.554
withdrawal,52,462,145.2666
chargeback,35,57,
withdrawal,88,463,102.392
deposit,61,464,288.4702
deposit,31,465,955.5615
withdrawal,58,466,117.9507
deposit,50,467,278.5658
deposit,15,468,725.0471
deposit,85,469,277.9511
withdrawal,90,470,47.9467
withdrawal,37,471,51.2463
withdrawal,94,472,168.5568
deposit,56,473,906.5604
deposit,84,474,740.9795
withdrawal,100,475,396.5673
withdrawal,87,476,454.5438
withdrawal,31,477,421.2493
withdrawal,72,478,205.3603
deposit,22,479,235.0153
deposit,25,480,846.9589
withdrawal,57,481,335.483
dispute,68,156,
deposit,50,482,278.9858
deposit,71,483,590.1388
withdrawal,38,484,79.3847
deposit,35,485,397.5775
deposit,42,486,182.4748
deposit,13,487,811.9436
withdrawal,48,488,16.7022
deposit,97,489,844.7002
dispute,96,172,
deposit,16,490,961.038
deposit,82,491,320.2049
deposit,21,492,712.2906
deposit,67,493,780.0435
deposit,16,494,100.7498
dispute,2,291,
withdrawal,64,495,298.4437
deposit,97,496,509.9125
deposit,19,497,10.4495
withdrawal,40,498,126.2697
dispute,3,2,
deposit,81,499,323.6499
deposit,80,500,889.7962
withdrawal,14,501,251.8911
dispute,37,403,
deposit,18,502,510.635
withdrawal,75,503,98.9059
dispute,5,144,
withdrawal,87,504,108.293
deposit,46,505,380.4498
withdrawal,57,506,53.8191
deposit,5,507,636.644
deposit,45,508,242.642
deposit,75,509,998.3152
deposit,42,510,460.9642
deposit,91,511,173.6524
deposit,34,512,196.9652
dispute,17,274,
withdrawal,4,513,336.0317
withdrawal,9,514,349.091
deposit,21,515,965.1238
withdrawal,62,516,369.4595
withdrawal,83,517,449.5695
withdrawal,6,518,35.6647
withdrawal,36,519,196.6447
deposit,88,520,542.8129
deposit,37,521,157.9778
withdrawal,61,522,130.5515
deposit,49,523,629.3686
withdrawal,96,524,459.7607
deposit,100,525,935.0241
deposit,58,526,511.1523
deposit,71,527,880.0557
dispute,24,394,
deposit,91,528,93.9
deposit,37,529,301.5318
withdrawal,64,530,212.7474
deposit,13,531,103.5602
deposit,43,532,582.1199
deposit,56,533,757.0519
withdrawal,59,534,286.3437
dispute,62,252,
withdrawal,24,535,312.2068
deposit,22,536,677.762
withdrawal,61,537,188.2657
deposit,41,538,782.7594
deposit,93,539,432.8838
withdrawal,61,540,307.0847
withdrawal,43,541,24.7501
chargeback,17,358,
deposit,23,542,233.8559
deposit,80,543,310.651
deposit,55,544,295.8238
resolve,67,13,
dispute,66,443,
chargeback,11,230,
deposit,86,545,716.2457
deposit,9,546,355.5304
withdrawal,10,547,10.365
deposit,37,548,370.0585
deposit,93,549,291.4978
deposit,94,550,176.9983
deposit,28,551,814.9009
deposit,41,552,329.2283
dispute,62,167,
deposit,14,553,831.7029
withdrawal,27,554,28.4886
dispute,21,515,
withdrawal,3,555,360.1612
withdrawal,56,556,322.532
deposit,99,557,167.16
withdrawal,56,558,110.7422
withdrawal,94,559,345.8826
deposit,31,560,891.0158
withdrawal,64,561,343.4433
deposit,52,562,68.0368
deposit,93,563,40.937
deposit,4,564,904.2034
deposit,100,565,804.8487
deposit,97,566,512.9259
withdrawal,30,567,264.0219
deposit,36,568,647.7972
withdrawal,57,569,75.5842
withdrawal,17,570,103.1119
withdrawal,55,571,32.1915
deposit,56,572,710.4592
withdrawal,79,573,85.6995
deposit,2,574,383.0944
dispute,43,160,
withdrawal,40,575,194.6279
deposit,15,576,426.1336
withdrawal,24,577,432.2973
withdrawal,29,578,169.4545
deposit,46,579,450.7379
withdrawal,64,580,468.2826
withdrawal,44,581,17.4286
dispute,8,47,
withdrawal,67,582,364.2968
deposit,87,583,65.2814
deposit,39,584,117.6983
dispute,56,572,
dispute,7,137,
deposit,64,585,259.6495
withdrawal,36,586,235.287
deposit,26,587,33.5553
deposit,9,588,116.0354
dispute,14,415,
withdrawal,30,589,314.5195
withdrawal,84,590,444.0796
withdrawal,10,591,206.0882
withdrawal,86,592,108.9583
dispute,14,80,
dispute,62,63,
deposit,37,593,972.8092
deposit,27,594,372.3796
withdrawal,69,595,247.7914
dispute,16,490,
deposit,91,596,839.8291
withdrawal,59,597,416.5779
withdrawal,87,598,29.453
withdrawal,27,599,205.5209
deposit,7,600,58.7304
dispute,100,378,
deposit,97,601,787.1765
deposit,63,602,373.8922
withdrawal,59,603,316.65
deposit,25,604,694.6992
withdrawal,71,605,128.2801
withdrawal,100,606,49.4923
deposit,96,607,498.9951
withdrawal,5,608,459.9777
deposit,34,609,314.3198
dispute,99,104,
deposit,9,610,206.1319
withdrawal,99,611,196.1965
chargeback,37,403,
deposit,46,612,543.122
withdrawal,80,613,29.7422
dispute,96,607,
deposit,22,614,929.5863
withdrawal,62,615,90.1467
deposit,95,616,75.2598
deposit,5,617,178.5433
withdrawal,50,618,412.6097
deposit,20,619,802.5133
dispute,18,121,
withdrawal,14,620,166.3929
withdrawal,96,621,43.6689
deposit,6,622,453.4265
deposit,34,623,388.3999
resolve,52,35,
withdrawal,25,624,456.824
deposit,59,625,72.9861
dispute,19,6,
deposit,59,626,175.9883
deposit,58,627,620.1884
withdrawal,44,628,181.5753
deposit,26,629,245.1643
deposit,61,630,119.4529
deposit,3,631,191.4252
dispute,65,441,
withdrawal,50,632,371.5311
withdrawal,62,633,29.1783
withdrawal,79,634,334.4409
deposit,42,635,425.741
withdrawal,7,636,31.3276
withdrawal,5,637,374.8494
withdrawal,66,638,48.4896
deposit,8,639,512.2363
deposit,64,640,49.8173
deposit,87,641,789.3883
withdrawal,80,642,479.3809
dispute,70,322,
deposit,67,643,568.268
withdrawal,35,644,386.8529
withdrawal,56,645,282.264
deposit,77,646,257.618
withdrawal,69,647,94.3761
deposit,92,648,283.2745
withdrawal,9,649,40.0905
chargeback,19,6,
withdrawal,67,650,21.2022
deposit,94,651,961.6903
deposit,75,652,340.4178
withdrawal,52,653,413.0026
deposit,59,654,530.4625
chargeback,100,378,
deposit,6,655,352.2072
deposit,18,656,367.2001
deposit,15,657,928.6713
deposit,11,658,859.5159
deposit,86,659,456.8599
withdrawal,66,660,406.2354
deposit,71,661,954.4968
deposit,59,662,332.3094
withdrawal,93,663,357.2396
withdrawal,53,664,333.5973
chargeback,65,312,
deposit,87,665,800.5558
withdrawal,60,666,386.7678
deposit,32,667,65.7782
dispute,64,640,
withdrawal,40,668,86.5971
deposit,58,669,649.507
withdrawal,42,670,339.4525
deposit,97,671,892.9904
withdrawal,38,672,290.8631
withdrawal,11,673,197.5031
dispute,26,187,
deposit,83,674,720.8466
dispute,43,444,
deposit,8,675,237.6594
deposit,70,676,33.095
dispute,28,439,
withdrawal,30,677,126.2875
deposit,88,678,464.7044
withdrawal,96,679,104.4589
withdrawal,3,680,30.5022
deposit,28,681,122.4261
deposit,95,682,420.7826
dispute,44,24,
deposit,89,683,447.4061
withdrawal,79,684,162.0495
withdrawal,58,685,222.9866
deposit,60,686,564.7087
deposit,12,687,483.5792
withdrawal,20,688,479.0492
deposit,29,689,773.2573
deposit,92,690,273.7471
dispute,76,270,
deposit,25,691,491.7112
dispute,48,51,
deposit,69,692,330.5424
withdrawal,51,693,257.9386
deposit,37,694,541.2155
withdrawal,88,695,473.9277
deposit,3,696,370.0898
withdrawal,28,697,238.6697
deposit,36,698,156.0357
withdrawal,21,699,262.2485
dispute,73,205,
withdrawal,44,700,403.8732
withdrawal,55,701,381.9142
withdrawal,75,702,486.1475
deposit,85,703,49.2584
withdrawal,52,704,28.4493
withdrawal,78,705,411.6617
deposit,34,706,341.8561
deposit,65,707,265.8183
deposit,66,708,605.4908
withdrawal,37,709,114.749
deposit,67,710,747.0041
deposit,45,711,450.9686
withdrawal,84,712,191.3782
withdrawal,7,713,160.103
deposit,73,714,641.7655
chargeback,96,607,
resolve,64,261,
withdrawal,41,715,302.5651
deposit,100,716,161.5906
withdrawal,40,717,5.2987
deposit,57,718,81.2352
withdrawal,98,719,270.522
deposit,27,720,447.1114
deposit,25,721,285.1261
deposit,48,722,322.5114
deposit,2,723,32.4259
withdrawal,47,724,480.2545
withdrawal,3,725,159.1087
withdrawal,3,726,378.9959
withdrawal,96,727,30.7964
resolve,17,274,
deposit,34,728,668.7397
deposit,44,729,570.6856
withdrawal,31,730,240.8892
deposit,30,731,725.8166
chargeback,28,439,
dispute,85,469,
deposit,76,732,253.1908
chargeback,64,640,
withdrawal,21,733,294.0608
deposit,13,734,615.5563
deposit,78,735,134.3308
withdrawal,37,736,64.1234
withdrawal,81,737,272.855
deposit,2,738,704.6699
dispute,83,306,
withdrawal,24,739,203.9207
withdrawal,63,740,226.3342
withdrawal,77,741,79.1566
withdrawal,33,742,449.917
dispute,99,269,
withdrawal,82,743,406.4648
deposit,11,744,999.2374
dispute,42,635,
resolve,16,490,
chargeback,21,515,
deposit,100,745,237.0052
withdrawal,3,746,459.4664
deposit,95,747,692.5919
withdrawal,69,748,408.0842
deposit,97,749,898.7783
chargeback,43,444,
chargeback,92,181,
withdrawal,73,750,436.7777
deposit,25,751,740.7426
withdrawal,17,752,315.4029
deposit,60,753,497.8711
withdrawal,69,754,389.0585
deposit,32,755,886.6705
withdrawal,68,756,363.1626
deposit,16,757,285.3262
withdrawal,12,758,166.7294
deposit,75,759,471.6524
withdrawal,50,760,65.0339
withdrawal,82,761,141.7191
deposit,44,762,430.0062
dispute,23,318,
deposit,19,763,245.6572
dispute,63,411,
deposit,48,764,751.4456
withdrawal,27,765,173.3095
deposit,35,766,450.1493
withdrawal,15,767,26.0499
withdrawal,33,768,106.4902
resolve,75,139,
withdrawal,70,769,300.8615
deposit,73,770,206.7153
withdrawal,97,771,319.708
withdrawal,74,772,77.3425
withdrawal,68,773,356.9972
deposit,10,774,990.255
withdrawal,87,775,496.5511
dispute,80,39,
dispute,89,302,
withdrawal,34,776,412.8025
withdrawal,76,777,237.0508
deposit,60,778,749.4303
deposit,24,779,914.5895
withdrawal,25,780,161.8178
withdrawal,90,781,35.4699
withdrawal,34,782,432.951
withdrawal,77,783,99.216
deposit,24,784,492.3286
dispute,17,274,
withdrawal,12,785,138.8881
withdrawal,51,786,116.875
withdrawal,81,787,264.5204
deposit,76,788,94.6481
dispute,63,293,
dispute,77,15,
withdrawal,4,789,495.0067
deposit,67,790,653.8206
deposit,73,791,818.0309
deposit,41,792,653.2723
deposit,99,793,306.7333
deposit,73,794,957.4435
dispute,14,553,
deposit,67,795,229.2362
deposit,24,796,110.8374
withdrawal,18,797,174.744
deposit,89,798,844.1526
deposit,44,799,61.6842
deposit,49,800,963.5448
withdrawal,11,801,245.9916
deposit,28,802,192.5029
chargeback,63,411,
resolve,68,45,
withdrawal,32,803,444.2798
withdrawal,96,804,111.4722
deposit,55,805,518.9919
deposit,100,806,51.3702
deposit,78,807,79.3495
withdrawal,39,808,432.2022
deposit,4,809,141.3704
withdrawal,86,810,353.593
withdrawal,99,811,125.7615
withdrawal,9,812,434.9272
deposit,51,813,985.2396
deposit,44,814,616.4489
withdrawal,79,815,467.4005
dispute,48,460,
deposit,95,816,145.8159
deposit,43,817,287.2386
withdrawal,50,818,186.1632
withdrawal,63,819,107.675
dispute,21,492,
resolve,99,269,
dispute,7,359,
deposit,85,820,123.0615
deposit,40,821,514.8628
deposit,37,822,642.1682
dispute,5,617,
deposit,70,823,250.5306
dispute,15,458,
withdrawal,1,824,448.4026
dispute,54,407,
withdrawal,64,825,97.9003
deposit,93,826,183.2604
deposit,79,827,677.407
deposit,41,828,352.9033
deposit,20,829,631.2304
deposit,55,830,789.2909
deposit,61,831,958.3519
withdrawal,67,832,102.0356
chargeback,49,175,
deposit,20,833,662.4897
deposit,62,834,868.4356
dispute,27,720,
withdrawal,62,835,112.8087
deposit,52,836,262.528
withdrawal,1,837,279.8967
withdrawal,82,838,245.5007
withdrawal,12,839,186.8199
withdrawal,55,840,24.1342
deposit,33,841,489.0249
deposit,44,842,465.4484
withdrawal,92,843,47.4844
withdrawal,74,844,261.21
deposit,49,845,166.9977
dispute,45,126,
deposit,65,846,228.609
deposit,13,847,457.563
withdrawal,100,848,316.8392
deposit,29,849,548.0954
withdrawal,8,850,106.2733
deposit,37,851,777.4878
withdrawal,96,852,78.557
deposit,4,853,936.2523
deposit,17,854,77.9577
deposit,15,855,821.7199
deposit,32,856,526.8413
withdrawal,24,857,49.6949
deposit,59,858,895.3289
dispute,91,423,
deposit,62,859,531.8757
deposit,35,860,314.4285
dispute,62,859,
dispute,66,708,
withdrawal,14,861,198.1212
withdrawal,60,862,84.819
deposit,69,863,749.7275
withdrawal,31,864,289.3041
withdrawal,16,865,141.9756
withdrawal,44,866,447.1624
dispute,30,431,
deposit,45,867,861.0366
withdrawal,63,868,487.3502
resolve,2,291,
dispute,53,217,
withdrawal,71,869,361.6949
deposit,77,870,723.4899
resolve,43,160,
withdrawal,7,871,61.9159
deposit,16,872,380.2356
deposit,66,873,434.5873
resolve,23,318,
withdrawal,11,874,37.353
withdrawal,81,875,110.6151
withdrawal,22,876,29.7521
deposit,17,877,335.851
deposit,63,878,471.8512
withdrawal,22,879,131.5095
deposit,26,880,609.8285
withdrawal,34,881,36.0597
dispute,60,753,
dispute,55,830,
deposit,95,882,27.1972
withdrawal,7,883,429.828
deposit,51,884,289.7748
dispute,32,755,
withdrawal,75,885,63.2418
deposit,87,886,791.1249
deposit,99,887,282.1238
deposit,95,888,142.6498
withdrawal,71,889,191.7166
dispute,95,882,
deposit,26,890,849.2707
withdrawal,51,891,261.4191
withdrawal,2,892,381.7818
deposit,28,893,592.0042
withdrawal,81,894,95.5034
deposit,77,895,319.2405
dispute,17,854,
dispute,77,79,
withdrawal,10,896,88.7604
resolve,8,47,
withdrawal,47,897,281.827
withdrawal,75,898,326.6295
deposit,46,899,426.7613
deposit,43,900,576.2982
withdrawal,7,901,102.3139
deposit,53,902,487.6937
deposit,80,903,849.5005
withdrawal,52,904,427.7948
withdrawal,12,905,479.726
deposit,72,906,447.0154
withdrawal,100,907,264.662
withdrawal,24,908,311.0715
deposit,23,909,444.0109
withdrawal,60,910,470.9336
withdrawal,14,911,208.6024
withdrawal,2,912,336.9337
dispute,17,877,
withdrawal,54,913,19.7634
deposit,18,914,273.6716
deposit,67,915,614.7214
withdrawal,41,916,143.5011
withdrawal,11,917,253.5155
resolve,15,458,
deposit,50,918,777.7541
deposit,60,919,473.7067
withdrawal,8,920,453.2924
withdrawal,85,921,300.4453
withdrawal,45,922,268.9706
deposit,9,923,575.9327
chargeback,77,15,
deposit,82,924,169.4834
deposit,65,925,227.0348
dispute,89,798,
withdrawal,46,926,202.6647
withdrawal,95,927,139.5421
dispute,68,45,
withdrawal,73,928,492.3718
deposit,59,929,631.0739
withdrawal,11,930,113.4085
deposit,56,931,711.1662
dispute,59,626,
deposit,89,932,81.4953
withdrawal,14,933,81.2376
deposit,77,934,931.6322
deposit,88,935,900.387
deposit,6,936,806.531
withdrawal,94,937,224.4287
deposit,44,938,629.965
withdrawal,7,939,403.4606
withdrawal,32,940,12.0694
dispute,44,437,
deposit,92,941,341.4935
deposit,11,942,317.8044
deposit,62,943,434.0081
deposit,49,944,138.6424
deposit,93,945,305.4225
withdrawal,49,946,292.4844
withdrawal,92,947,155.0946
deposit,74,948,759.7997
withdrawal,32,949,114.345
dispute,83,674,
withdrawal,52,950,377.9067
withdrawal,97,951,270.4018
deposit,51,952,415.4825
deposit,79,953,657.176
resolve,59,626,
deposit,99,954,463.3415
deposit,68,955,10.5543
dispute,4,853,
deposit,80,956,127.8264
deposit,56,957,38.533
dispute,40,821,
deposit,91,958,632.0245
withdrawal,1,959,479.8596
dispute,60,778,
withdrawal,42,960,146.1412
deposit,83,961,33.9806
deposit,57,962,766.5952
withdrawal,26,963,27.1434
deposit,73,964,725.7166
withdrawal,25,965,51.0128
dispute,93,945,
deposit,16,966,460.1507
withdrawal,17,967,170.3987
withdrawal,19,968,54.2784
withdrawal,35,969,271.233
deposit,99,970,783.383
deposit,56,971,205.6095
dispute,69,692,
dispute,43,817,
deposit,15,972,103.7323
dispute,4,416,
deposit,95,973,593.1416
deposit,76,974,24.2462
deposit,96,975,179.5483
deposit,16,976,632.8831
withdrawal,28,977,434.0759
withdrawal,6,978,163.5004
withdrawal,84,979,412.2502
withdrawal,81,980,217.695
withdrawal,83,981,217.2985
dispute,76,974,
withdrawal,97,982,380.892
deposit,17,983,494.0956
withdrawal,55,984,22.7126
withdrawal,69,985,99.9409
withdrawal,51,986,403.3377
deposit,73,987,739.5593
withdrawal,21,988,4.8772
deposit,65,989,375.5023
dispute,26,587,
withdrawal,62,990,338.2216
withdrawal,69,991,143.0092
withdrawal,60,992,413.7086
deposit,13,993,518.2642
deposit,72,994,547.9874
deposit,39,995,350.1633
withdrawal,41,996,4.8102
withdrawal,63,997,178.3425
deposit,37,998,354.559
deposit,9,999,798.885
dispute,33,380,
deposit,34,1000,150.3561
deposit,43,1001,720.2581
withdrawal,72,1002,465.0292
withdrawal,6,1003,184.6249
deposit,19,1004,706.3126
deposit,23,1005,371.3729
deposit,72,1006,466.275
withdrawal,61,1007,39.2616
withdrawal,82,1008,289.5529
deposit,54,1009,742.8509
chargeback,58,124,
deposit,40,1010,487.5804
deposit,32,1011,616.0932
deposit,96,1012,600.1309
withdrawal,77,1013,170.4544
dispute,61,831,
deposit,34,1014,803.8647
dispute,6,655,
dispute,44,938,
deposit,66,1015,68.1004
withdrawal,49,1016,375.3899
withdrawal,26,1017,466.2398
deposit,34,1018,281.3645
deposit,70,1019,683.4049
dispute,7,600,
dispute,72,994,
withdrawal,62,1020,402.4913
deposit,95,1021,383.3497
dispute,54,1009,
withdrawal,26,1022,242.6823
dispute,88,334,
deposit,19,1023,446.7797
withdrawal,36,1024,27.605
deposit,60,1025,371.9353
withdrawal,23,1026,444.5505
deposit,60,1027,703.4684
deposit,4,1028,180.9134
dispute,45,21,
deposit,24,1029,807.2999
withdrawal,5,1030,205.1646
withdrawal,50,1031,148.7921
withdrawal,55,1032,174.5866
deposit,39,1033,818.0136
deposit,45,1034,824.1004
withdrawal,4,1035,385.992
withdrawal,25,1036,245.0947
deposit,17,1037,415.0237
dispute,28,802,
withdrawal,8,1038,459.176
withdrawal,18,1039,236.017
dispute,6,152,
deposit,80,1040,942.4844
withdrawal,9,1041,477.0829
deposit,8,1042,296.6801
withdrawal,88,1043,57.8866
withdrawal,41,1044,159.4287
withdrawal,41,1045,388.1411
deposit,66,1046,858.9737
withdrawal,34,1047,261.2452
dispute,70,264,
deposit,67,1048,466.4847
deposit,16,1049,29.3656
withdrawal,9,1050,417.0594
deposit,9,1051,378.0574
dispute,44,729,
deposit,96,1052,373.2872
resolve,5,617,
deposit,78,1053,253.9446
resolve,93,945,
withdrawal,100,1054,315.5371
withdrawal,3,1055,263.7777
withdrawal,74,1056,84.477
withdrawal,30,1057,135.5973
deposit,61,1058,710.9791
deposit,95,1059,605.8846
dispute,100,565,
withdrawal,88,1060,166.9472
deposit,5,1061,51.8244
withdrawal,15,1062,253.8608
withdrawal,6,1063,245.1708
deposit,45,1064,501.0439
withdrawal,60,1065,388.1449
withdrawal,47,1066,478.514
dispute,13,847,
withdrawal,73,1067,41.1268
withdrawal,43,1068,75.1467
dispute,23,909,
deposit,66,1069,602.5957
withdrawal,33,1070,1.8346
deposit,20,1071,668.1345
deposit,31,1072,532.4493
deposit,44,1073,869.2819
deposit,14,1074,261.1197
withdrawal,67,1075,179.6599
deposit,72,1076,574.136
deposit,6,1077,192.6606
deposit,37,1078,11.6278
withdrawal,48,1079,312.4062
withdrawal,16,1080,375.5472
resolve,63,293,
withdrawal,76,1081,204.4913
resolve,83,674,
dispute,42,510,
deposit,20,1082,363.8699
withdrawal,54,1083,406.9942
dispute,69,27,
deposit,73,1084,710.4539
withdrawal,13,1085,286.0301
withdrawal,76,1086,273.5932
withdrawal,34,1087,176.207
deposit,85,1088,767.1923
withdrawal,70,1089,397.5703
withdrawal,90,1090,146.3422
deposit,22,1091,63.1275
deposit,65,1092,466.3806
withdrawal,95,1093,132.0703
withdrawal,71,1094,187.6704
resolve,80,39,
withdrawal,55,1095,7.7202
withdrawal,45,1096,42.3558
withdrawal,34,1097,7.1635
withdrawal,49,1098,36.5969
deposit,20,1099,183.7742
chargeback,85,469,
deposit,34,1100,19.2945
dispute,70,105,
dispute,69,863,
withdrawal,60,1101,322.9418
withdrawal,66,1102,262.1994
dispute,23,318,
deposit,96,1103,638.1002
deposit,18,1104,458.5851
withdrawal,34,1105,370.5899
withdrawal,59,1106,1.5365
withdrawal,17,1107,83.8151
deposit,68,1108,153.5599
deposit,96,1109,96.7553
withdrawal,56,1110,280.1514
deposit,20,1111,663.9001
deposit,86,1112,413.3228
deposit,32,1113,519.6698
resolve,42,635,
deposit,70,1114,716.8084
deposit,16,1115,353.0709
deposit,93,1116,203.7372
deposit,71,1117,924.7047
withdrawal,9,1118,185.7873
deposit,20,1119,870.9644
deposit,88,1120,212.66
deposit,42,1121,99.4367
withdrawal,56,1122,169.3523
dispute,60,1025,
deposit,55,1123,449.3306
withdrawal,54,1124,353.1918
deposit,72,1125,941.5159
dispute,46,612,
chargeback,88,247,
deposit,12,1126,889.974
deposit,51,1127,102.1277
dispute,55,188,
deposit,51,1128,695.484
withdrawal,39,1129,232.1993
withdrawal,63,1130,58.4444
withdrawal,36,1131,435.1021
deposit,54,1132,221.6157
dispute,40,417,
dispute,72,1125,
deposit,25,1133,790.0279
deposit,95,1134,682.9845
withdrawal,58,1135,13.6576
resolve,44,938,
withdrawal,58,1136,51.7486
chargeback,67,81,
deposit,79,1137,786.5924
withdrawal,57,1138,85.9036
withdrawal,68,1139,24.4183
deposit,97,1140,866.4844
deposit,47,1141,662.0839
deposit,50,1142,701.3519
withdrawal,92,1143,119.2423
deposit,18,1144,261.3367
withdrawal,25,1145,371.9033
withdrawal,44,1146,459.8138
withdrawal,4,1147,448.833
withdrawal,20,1148,235.2733
deposit,66,1149,788.4143
dispute,33,841,
deposit,34,1150,3.6403
deposit,28,1151,946.0337
deposit,79,1152,569.0601
deposit,54,1153,490.5086
deposit,84,1154,290.6519
deposit,79,1155,436.1041
deposit,24,1156,74.4876
withdrawal,49,1157,244.6143
withdrawal,22,1158,467.8674
withdrawal,91,1159,254.3794
deposit,76,1160,376.5274
withdrawal,8,1161,76.991
withdrawal,8,1162,223.6179
deposit,77,1163,712.4516
withdrawal,40,1164,209.8646
deposit,54,1165,448.9847
withdrawal,78,1166,207.8846
withdrawal,47,1167,260.8953
withdrawal,5,1168,51.5467
deposit,90,1169,957.6361
dispute,39,360,
withdrawal,28,1170,164.1704
withdrawal,69,1171,370.7843
resolve,69,27,
deposit,76,1172,479.3895
withdrawal,20,1173,173.4588
withdrawal,84,1174,407.6877
dispute,76,445,
deposit,86,1175,272.0208
withdrawal,19,1176,38.8024
withdrawal,84,1177,50.1042
deposit,24,1178,473.7988
dispute,66,1069,
deposit,20,1179,565.6383
withdrawal,69,1180,108.2548
dispute,14,1074,
deposit,46,1181,304.5179
withdrawal,68,1182,77.3125
dispute,4,1028,
withdrawal,8,1183,460.687
deposit,36,1184,732.0202
withdrawal,6,1185,113.8352
deposit,75,1186,345.1665
deposit,55,1187,804.4179
withdrawal,76,1188,129.2732
dispute,24,1178,
withdrawal,99,1189,198.1235
deposit,85,1190,695.1477
deposit,92,1191,966.2257
dispute,21,271,
withdrawal,83,1192,223.716
withdrawal,20,1193,273.304
withdrawal,10,1194,447.3895
withdrawal,64,1195,47.2913
deposit,75,1196,584.1952
deposit,87,1197,540.4397
withdrawal,39,1198,174.3469
dispute,16,494,
withdrawal,34,1199,348.5535
deposit,18,1200,808.7814
dispute,32,856,
deposit,70,1201,331.7645
deposit,54,1202,241.3058
withdrawal,55,1203,482.3108
chargeback,55,188,
withdrawal,14,1204,40.8911
withdrawal,17,1205,196.9167
resolve,30,431,
deposit,92,1206,497.9351
withdrawal,95,1207,207.5249
dispute,60,919,
withdrawal,14,1208,464.0016
deposit,41,1209,882.4714
deposit,70,1210,958.1537
deposit,27,1211,278.7788
withdrawal,79,1212,53.5693
deposit,27,1213,599.4169
dispute,70,1114,
deposit,67,1214,155.8999
deposit,28,1215,432.068
deposit,37,1216,43.277
withdrawal,72,1217,384.0274
deposit,28,1218,775.4346
deposit,73,1219,479.4452
deposit,13,1220,497.8698
dispute,7,422,
deposit,46,1221,537.6351
withdrawal,73,1222,399.0709
withdrawal,89,1223,472.4972
withdrawal,46,1224,499.2425
deposit,31,1225,642.1245
deposit,7,1226,864.9635
deposit,56,1227,618.2264
deposit,83,1228,140.5677
withdrawal,92,1229,234.6466
withdrawal,52,1230,42.2121
withdrawal,29,1231,360.1414
dispute,63,293,
deposit,36,1232,609.8783
withdrawal,10,1233,84.3873
deposit,94,1234,799.8565
withdrawal,9,1235,203.8645
deposit,19,1236,370.497
deposit,29,1237,600.2336
withdrawal,100,1238,134.7912
withdrawal,83,1239,367.0076
deposit,45,1240,253.8906
withdrawal,88,1241,465.0957
dispute,77,934,
deposit,28,1242,835.0986
withdrawal,66,1243,422.708
deposit,4,1244,862.1128
withdrawal,39,1245,131.7584
withdrawal,96,1246,111.1857
withdrawal,60,1247,329.0166
deposit,72,1248,763.949
deposit,30,1249,115.5693
deposit,87,1250,483.1287
deposit,67,1251,873.1622
dispute,46,1181,
withdrawal,56,1252,229.1335
deposit,93,1253,973.1919
withdrawal,93,1254,212.5869
deposit,74,1255,490.3064
withdrawal,65,1256,44.5288
dispute,95,747,
deposit,54,1257,669.9069
deposit,45,1258,500.1031
deposit,50,1259,807.12
deposit,39,1260,922.9098
deposit,80,1261,763.3689
dispute,45,508,
dispute,55,1187,
deposit,8,1262,661.0329
withdrawal,3,1263,184.9254
deposit,49,1264,643.5591
deposit,47,1265,668.9957
deposit,97,1266,151.8807
deposit,39,1267,299.1001
dispute,15,468,
deposit,69,1268,746.4923
dispute,87,665,
withdrawal,90,1269,135.7394
withdrawal,26,1270,155.7681
deposit,12,1271,747.3707
deposit,77,1272,115.2236
withdrawal,68,1273,441.7245
deposit,16,1274,109.3072
withdrawal,79,1275,256.7675
dispute,28,1242,
withdrawal,67,1276,26.9908
dispute,67,212,
withdrawal,5,1277,329.5508
withdrawal,6,1278,108.9972
deposit,86,1279,639.8946
withdrawal,35,1280,211.6047
dispute,53,383,
withdrawal,63,1281,451.5306
withdrawal,83,1282,424.5408
withdrawal,65,1283,344.327
chargeback,21,44,
dispute,42,635,
deposit,3,1284,381.3195
deposit,12,1285,936.133
deposit,67,1286,694.9881
dispute,92,62,
dispute,12,22,
withdrawal,37,1287,92.2428
withdrawal,36,1288,290.0748
withdrawal,21,1289,38.0073
dispute,25,5,
deposit,60,1290,881.2787
chargeback,43,817,
withdrawal,1,1291,356.3247
withdrawal,56,1292,299.0305
withdrawal,85,1293,103.0861
deposit,26,1294,628.6146
dispute,6,936,
dispute,82,491,
withdrawal,84,1295,70.3878
deposit,31,1296,664.0721
withdrawal,8,1297,498.8749
dispute,55,544,
withdrawal,36,1298,250.6043
withdrawal,79,1299,305.5202
dispute,76,1160,
deposit,46,1300,118.9445
chargeback,87,665,
deposit,77,1301,395.6708
deposit,25,1302,564.6415
withdrawal,28,1303,281.8929
withdrawal,7,1304,181.6689
deposit,2,1305,667.4758
withdrawal,36,1306,121.147
withdrawal,50,1307,21.1135
deposit,22,1308,592.7853
dispute,77,1163,
dispute,3,237,
withdrawal,92,1309,36.4274
withdrawal,7,1310,399.6987
withdrawal,20,1311,464.8171
deposit,4,1312,689.722
deposit,57,1313,579.4682
withdrawal,10,1314,328.9592
dispute,26,629,
deposit,36,1315,410.4743
resolve,66,708,
withdrawal,19,1316,103.7316
withdrawal,83,1317,116.4136
deposit,2,1318,541.5223
withdrawal,27,1319,482.6162
dispute,22,479,
dispute,86,250,
resolve,93,234,
dispute,30,1249,
withdrawal,89,1320,330.4751
deposit,85,1321,690.5007
withdrawal,83,1322,391.9827
deposit,41,1323,335.1907
withdrawal,28,1324,352.431
withdrawal,63,1325,498.7291
withdrawal,52,1326,386.0844
dispute,20,829,
withdrawal,15,1327,247.2578
resolve,50,185,
chargeback,62,252,
withdrawal,22,1328,238.1763
deposit,15,1329,380.8641
dispute,17,1037,
deposit,4,1330,632.7529
withdrawal,48,1331,368.2006
withdrawal,10,1332,138.5858
chargeback,32,856,
withdrawal,81,1333,149.0996
deposit,16,1334,986.0991
deposit,54,1335,445.9108
deposit,21,1336,637.4135
deposit,15,1337,756.487
withdrawal,93,1338,166.6752
withdrawal,36,1339,118.0302
deposit,24,1340,905.9822
resolve,25,5,
deposit,26,1341,569.4497
chargeback,6,936,
withdrawal,26,1342,233.0639
deposit,82,1343,303.2739
withdrawal,6,1344,195.0092
withdrawal,33,1345,342.0555
deposit,8,1346,345.6839
deposit,4,1347,143.4381
deposit,8,1348,750.4342
dispute,44,1073,
withdrawal,32,1349,257.114
deposit,8,1350,536.4309
deposit,50,1351,830.2585
deposit,59,1352,499.5938
withdrawal,36,1353,375.1684
deposit,69,1354,374.8234
withdrawal,15,1355,40.0133
dispute,3,1284,
dispute,76,106,
withdrawal,75,1356,176.0583
resolve,6,655,
deposit,53,1357,902.1526
dispute,53,902,
withdrawal,70,1358,392.2115
dispute,52,35,
withdrawal,90,1359,403.9031
withdrawal,85,1360,25.2181
dispute,93,945,
deposit,39,1361,609.8933
deposit,27,1362,870.2914
dispute,44,814,
withdrawal,61,1363,110.7915
deposit,90,1364,23.5554
deposit,2,1365,235.3616
resolve,86,250,
deposit,66,1366,534.053
resolve,3,2,
deposit,26,1367,85.063
resolve,21,271,
withdrawal,16,1368,433.4538
deposit,99,1369,943.8319
deposit,75,1370,869.7169
withdrawal,17,1371,496.18
withdrawal,57,1372,244.5849
dispute,29,849,
dispute,16,1334,
withdrawal,77,1373,489.417
withdrawal,28,1374,425.1085
withdrawal,66,1375,259.8131
withdrawal,42,1376,196.6401
withdrawal,19,1377,45.1862
deposit,79,1378,8.9443
deposit,42,1379,865.3029
dispute,89,932,
deposit,40,1380,804.1392
deposit,73,1381,543.3317
deposit,53,1382,672.8965
resolve,77,934,
deposit,14,1383,569.1412
deposit,2,1384,57.1312
withdrawal,79,1385,51.7668
dispute,45,1064,
dispute,94,1234,
withdrawal,24,1386,124.4403
dispute,84,370,
chargeback,3,1284,
deposit,42,1387,654.1836
deposit,69,1388,889.4007
dispute,49,523,
withdrawal,3,1389,331.3989
withdrawal,23,1390,266.8152
withdrawal,45,1391,411.3344
deposit,44,1392,99.0552
deposit,37,1393,658.4658
withdrawal,67,1394,86.1097
deposit,39,1395,704.0727
deposit,22,1396,598.4449
withdrawal,62,1397,252.6645
dispute,91,511,
resolve,46,612,
withdrawal,47,1398,442.0245
deposit,22,1399,179.0995
deposit,26,1400,148.5887
withdrawal,79,1401,95.519
dispute,58,432,
deposit,65,1402,769.1272
dispute,90,1364,
withdrawal,46,1403,415.0607
dispute,64,585,
withdrawal,44,1404,203.8036
withdrawal,85,1405,454.8889
withdrawal,54,1406,447.9889
withdrawal,14,1407,496.3036
deposit,53,1408,576.9164
deposit,48,1409,865.6707
dispute,63,289,
deposit,30,1410,966.2458
withdrawal,25,1411,17.3998
deposit,38,1412,269.1435
withdrawal,11,1413,103.5906
withdrawal,12,1414,193.8713
withdrawal,66,1415,268.6776
dispute,8,1350,
deposit,95,1416,40.8048
dispute,21,1336,
dispute,5,617,
deposit,10,1417,220.406
deposit,94,1418,183.9366
deposit,3,1419,852.473
withdrawal,20,1420,300.7099
withdrawal,71,1421,201.8236
deposit,38,1422,702.7791
deposit,81,1423,853.7869
withdrawal,100,1424,333.9466
chargeback,68,156,
dispute,8,1262,
deposit,50,1425,2.0085
withdrawal,95,1426,363.8324
deposit,12,1427,38.9499
withdrawal,87,1428,364.9672
deposit,44,1429,941.2399
deposit,6,1430,205.3489
withdrawal,70,1431,339.348
withdrawal,81,1432,56.4992
withdrawal,63,1433,289.4549
deposit,31,1434,140.7026
dispute,78,1,
withdrawal,85,1435,388.9864
withdrawal,78,1436,285.7186
deposit,41,1437,692.9948
deposit,49,1438,752.9348
dispute,70,1210,
deposit,52,1439,68.0178
deposit,71,1440,809.3288
resolve,76,1160,
dispute,5,16,
withdrawal,66,1441,242.6172
deposit,93,1442,50.5726
withdrawal,93,1443,4.4701
deposit,41,1444,694.8981
dispute,14,1383,
withdrawal,100,1445,259.9685
withdrawal,19,1446,292.8429
dispute,58,343,
chargeback,27,720,
deposit,99,1447,783.3993
withdrawal,97,1448,290.7386
chargeback,83,306,
dispute,67,1214,
withdrawal,28,1449,475.1828
withdrawal,58,1450,342.7593
withdrawal,64,1451,179.1432
withdrawal,87,1452,337.294
deposit,13,1453,808.3138
dispute,22,614,
withdrawal,99,1454,288.0525
deposit,97,1455,889.5645
dispute,66,374,
withdrawal,6,1456,405.4159
deposit,62,1457,202.4315
deposit,89,1458,271.1459
deposit,6,1459,116.5089
withdrawal,68,1460,496.6913
dispute,77,870,
deposit,55,1461,75.1609
withdrawal,69,1462,233.2568
withdrawal,16,1463,76.4173
withdrawal,36,1464,340.7855
resolve,34,40,
chargeback,33,380,
withdrawal,96,1465,201.5962
withdrawal,10,1466,4.3638
deposit,90,1467,677.0631
withdrawal,22,1468,103.0424
deposit,9,1469,462.0292
deposit,9,1470,736.052
withdrawal,33,1471,91.6242
deposit,51,1472,764.4903
deposit,96,1473,489.4446
withdrawal,15,1474,275.7052
deposit,14,1475,508.9017
dispute,52,836,
withdrawal,54,1476,158.4579
chargeback,29,849,
withdrawal,14,1477,488.633
deposit,80,1478,978.1944
dispute,92,1206,
dispute,7,1226,
withdrawal,9,1479,166.8515
chargeback,78,1,
deposit,65,1480,822.1464
deposit,61,1481,25.1221
deposit,16,1482,294.1108
deposit,17,1483,969.3042
withdrawal,18,1484,130.1881
deposit,4,1485,566.9574
deposit,19,1486,726.6872
withdrawal,92,1487,112.0634
deposit,50,1488,895.7651
dispute,17,983,
withdrawal,14,1489,86.4445
resolve,67,1214,
chargeback,88,334,
withdrawal,55,1490,208.3396
deposit,2,1491,367.9957
dispute,1,235,
dispute,92,690,
withdrawal,59,1492,105.0168
deposit,64,1493,709.7121
deposit,48,1494,260.7633
deposit,74,1495,283.7488
deposit,70,1496,61.1238
withdrawal,42,1497,432.0237
deposit,71,1498,514.6737
resolve,24,1178,
deposit,80,1499,596.2515
withdrawal,74,1500,124.3098
deposit,20,1501,196.5492
withdrawal,68,1502,348.5723
withdrawal,91,1503,108.4419
withdrawal,67,1504,429.2891
deposit,67,1505,731.9073
withdrawal,16,1506,169.7
withdrawal,4,1507,32.5993
dispute,51,1472,
deposit,61,1508,567.8785
deposit,78,1509,708.0214
withdrawal,4,1510,178.5808
withdrawal,96,1511,467.6199
withdrawal,51,1512,179.727
dispute,75,392,
withdrawal,7,1513,310.9252
deposit,47,1514,500.8432
withdrawal,42,1515,97.8982
withdrawal,40,1516,328.3356
deposit,27,1517,48.6424
dispute,67,643,
deposit,3,1518,66.3375
withdrawal,47,1519,440.9637
deposit,73,1520,485.6839
dispute,23,542,
deposit,24,1521,554.2908
deposit,53,1522,574.232
deposit,25,1523,42.66
dispute,80,182,
dispute,90,1169,
dispute,18,143,
deposit,69,1524,673.1413
deposit,68,1525,13.5894
withdrawal,93,1526,292.4454
deposit,44,1527,190.9616
withdrawal,44,1528,132.7621
dispute,13,1453,
deposit,77,1529,199.8354
deposit,76,1530,280.3725
resolve,7,359,
withdrawal,11,1531,197.7088
dispute,52,1439,
deposit,54,1532,580.6521
withdrawal,24,1533,389.9022
dispute,30,159,
withdrawal,6,1534,461.2019
deposit,29,1535,350.8071
dispute,25,1523,
dispute,2,1318,
dispute,76,375,
dispute,51,1128,
withdrawal,6,1536,114.848
chargeback,84,370,
deposit,60,1537,189.1892
deposit,42,1538,714.7721
withdrawal,14,1539,244.3454
dispute,69,1268,
withdrawal,26,1540,459.1133
deposit,4,1541,893.2456
deposit,51,1542,990.7234
withdrawal,63,1543,168.8266
withdrawal,68,1544,181.0292
deposit,53,1545,941.1253
deposit,63,1546,192.416
deposit,22,1547,262.777
deposit,51,1548,830.2637
withdrawal,43,1549,217.1527
withdrawal,63,1550,264.5433
withdrawal,84,1551,476.2072
deposit,15,1552,147.3567
deposit,65,1553,104.815
withdrawal,99,1554,312.4641
dispute,8,1346,
dispute,56,971,
withdrawal,73,1555,300.2798
deposit,87,1556,577.8848
deposit,22,1557,354.8987
withdrawal,27,1558,194.6193
dispute,47,1265,
withdrawal,11,1559,478.4302
deposit,25,1560,300.8262
deposit,19,1561,992.0596
dispute,77,895,
withdrawal,98,1562,397.0556
deposit,93,1563,402.496
dispute,61,630,
deposit,48,1564,144.3954
deposit,38,1565,42.1933
deposit,94,1566,560.7939
dispute,22,1399,
withdrawal,7,1567,97.7656
dispute,44,1392,
deposit,38,1568,139.394
chargeback,47,1265,
dispute,78,1509,
dispute,89,1458,
deposit,2,1569,973.8795
deposit,59,1570,499.9861
deposit,94,1571,183.4655
deposit,33,1572,527.6661
dispute,89,372,
deposit,16,1573,872.6234
withdrawal,6,1574,471.978
deposit,17,1575,847.2083
dispute,13,1220,
withdrawal,86,1576,262.7601
withdrawal,77,1577,234.556
withdrawal,32,1578,138.801
withdrawal,35,1579,340.2836
dispute,51,884,
deposit,63,1580,91.5378
chargeback,14,1383,
deposit,43,1581,852.4494
deposit,89,1582,585.7889
deposit,23,1583,688.8629
withdrawal,69,1584,366.8067
resolve,48,51,
withdrawal,78,1585,319.3284
deposit,77,1586,108.0097
withdrawal,32,1587,484.5946
deposit,97,1588,34.2073
resolve,72,994,
dispute,67,1286,
dispute,18,123,
dispute,60,1290,
withdrawal,38,1589,35.1738
deposit,89,1590,160.8741
deposit,80,1591,116.4308
deposit,71,1592,162.9648
withdrawal,37,1593,446.9636
deposit,24,1594,744.075
deposit,80,1595,200.1457
withdrawal,57,1596,316.0252
withdrawal,27,1597,209.8355
resolve,45,508,
withdrawal,66,1598,237.3172
chargeback,2,1318,
deposit,7,1599,937.0631
withdrawal,29,1600,262.6069
withdrawal,23,1601,452.5362
withdrawal,15,1602,266.3298
withdrawal,27,1603,384.8881
withdrawal,39,1604,336.576
deposit,1,1605,682.2604
withdrawal,76,1606,249.5265
deposit,50,1607,767.1464
deposit,74,1608,774.3236
withdrawal,53,1609,314.6541
withdrawal,6,1610,17.3383
withdrawal,19,1611,53.3545
deposit,44,1612,625.3176
dispute,22,1557,
withdrawal,31,1613,45.2889
deposit,23,1614,616.9339
deposit,71,1615,832.5402
dispute,90,1467,
dispute,10,294,
withdrawal,85,1616,441.6276
deposit,30,1617,556.0551
deposit,21,1618,82.2179
deposit,74,1619,852.8243
dispute,100,114,
deposit,97,1620,256.5754
deposit,17,1621,764.3398
withdrawal,19,1622,400.9447
withdrawal,47,1623,133.3495
dispute,55,207,
deposit,56,1624,853.1739
chargeback,82,297,
deposit,44,1625,78.8037
dispute,85,1190,
resolve,17,854,
withdrawal,43,1626,132.9265
deposit,88,1627,970.3719
dispute,9,923,
withdrawal,31,1628,197.6003
dispute,21,271,
deposit,50,1629,527.5771
dispute,15,657,
deposit,29,1630,806.5291
deposit,5,1631,916.4864
dispute,64,261,
deposit,99,1632,266.6416
deposit,65,1633,834.9704
withdrawal,93,1634,368.2607
withdrawal,75,1635,61.0802
withdrawal,84,1636,80.1787
withdrawal,42,1637,449.5128
dispute,9,398,
dispute,87,583,
deposit,59,1638,37.6123
withdrawal,87,1639,161.8643
deposit,9,1640,404.3957
withdrawal,34,1641,403.3829
deposit,31,1642,968.7892
deposit,80,1643,388.1976
dispute,61,457,
dispute,25,1133,
deposit,24,1644,461.3863
deposit,75,1645,497.2324
deposit,83,1646,58.0125
deposit,46,1647,616.7068
deposit,60,1648,424.7243
dispute,79,96,
withdrawal,62,1649,446.9232
deposit,97,1650,491.7909
deposit,34,1651,75.1066
withdrawal,55,1652,266.5335
withdrawal,37,1653,233.5512
deposit,57,1654,423.6417
dispute,53,1545,
dispute,17,1621,
chargeback,26,629,
chargeback,92,690,
deposit,14,1655,873.8501
deposit,75,1656,490.6896
withdrawal,66,1657,413.3641
resolve,90,1467,
withdrawal,81,1658,35.474
dispute,39,995,
dispute,94,1566,
withdrawal,25,1659,326.2662
dispute,16,1573,
deposit,47,1660,557.9138
deposit,28,1661,845.5838
deposit,3,1662,138.4192
withdrawal,69,1663,51.8248
withdrawal,58,1664,275.072
dispute,75,1196,
dispute,90,1467,
withdrawal,1,1665,283.3796
deposit,33,1666,518.5952
deposit,94,1667,995.8128
deposit,49,1668,846.7823
withdrawal,19,1669,168.7029
dispute,93,1442,
deposit,12,1670,216.249
dispute,54,1257,
withdrawal,68,1671,210.2025
withdrawal,50,1672,269.4075
deposit,53,1673,270.7073
withdrawal,11,1674,490.1284
withdrawal,66,1675,426.6132
withdrawal,32,1676,49.7632
withdrawal,45,1677,256.4573
withdrawal,41,1678,168.9636
withdrawal,17,1679,116.2161
deposit,28,1680,512.9654
deposit,32,1681,330.425
dispute,63,1580,
deposit,23,1682,978.3653
withdrawal,100,1683,459.0652
withdrawal,81,1684,112.0041
withdrawal,59,1685,391.4523
deposit,18,1686,271.5611
chargeback,7,1226,
deposit,49,1687,170.5144
deposit,55,1688,579.8744
deposit,21,1689,963.866
withdrawal,5,1690,275.7187
deposit,80,1691,734.9231
withdrawal,70,1692,23.074
deposit,21,1693,758.8499
dispute,81,1423,
chargeback,62,859,
deposit,32,1694,725.0871
deposit,77,1695,477.4343
dispute,77,934,
withdrawal,95,1696,457.8048
withdrawal,49,1697,438.9834
withdrawal,60,1698,431.095
dispute,86,659,
chargeback,99,104,
withdrawal,31,1699,422.9258
dispute,22,536,
deposit,55,1700,695.2935
deposit,58,1701,938.3293
withdrawal,66,1702,347.6096
deposit,12,1703,674.2108
deposit,50,1704,155.3701
resolve,96,127,
deposit,38,1705,632.5904
deposit,28,1706,710.4454
withdrawal,42,1707,298.7352
withdrawal,20,1708,96.2073
withdrawal,45,1709,327.7487
deposit,37,1710,976.9343
withdrawal,38,1711,310.2564
dispute,24,784,
deposit,29,1712,681.6256
deposit,42,1713,623.3698
deposit,47,1714,692.5919
deposit,6,1715,918.0991
deposit,52,1716,646.396
deposit,16,1717,559.484
dispute,40,1010,
withdrawal,22,1718,164.7267
withdrawal,58,1719,178.4463
dispute,25,721,
deposit,92,1720,432.9435
withdrawal,78,1721,317.6273
deposit,57,1722,667.266
deposit,96,1723,584.0197
withdrawal,78,1724,286.9888
withdrawal,48,1725,477.228
deposit,53,1726,226.0003
withdrawal,56,1727,259.5619
deposit,22,1728,662.2271
withdrawal,37,1729,330.4236
deposit,75,1730,251.9374
withdrawal,72,1731,73.3002
chargeback,54,1257,
deposit,37,1732,404.3528
deposit,32,1733,636.7686
withdrawal,1,1734,144.6574
withdrawal,69,1735,494.855
withdrawal,6,1736,360.4077
withdrawal,13,1737,312.425
deposit,24,1738,587.6513
deposit,73,1739,727.7628
withdrawal,50,1740,218.9239
chargeback,68,45,
withdrawal,86,1741,410.5506
chargeback,28,1242,
dispute,63,602,
withdrawal,37,1742,54.1004
withdrawal,56,1743,309.4909
withdrawal,93,1744,178.15
withdrawal,78,1745,163.5015
resolve,55,544,
dispute,45,1240,
withdrawal,66,1746,207.1092
deposit,58,1747,51.9518
deposit,26,1748,777.6693
withdrawal,96,1749,115.3257
withdrawal,44,1750,181.2568
withdrawal,2,1751,443.289
dispute,88,60,
dispute,85,1321,
resolve,61,630,
withdrawal,73,1752,423.3393
dispute,63,435,
dispute,51,1548,
chargeback,8,1346,
withdrawal,46,1753,473.915
deposit,64,1754,52.6934
withdrawal,40,1755,8.1598
deposit,82,1756,973.6846
withdrawal,72,1757,14.4503
deposit,7,1758,577.7856
deposit,75,1759,847.3045
withdrawal,2,1760,437.6741
deposit,55,1761,77.6511
resolve,3,237,
deposit,71,1762,574.0086
withdrawal,11,1763,343.3618
dispute,43,1581,
withdrawal,90,1764,67.3274
withdrawal,28,1765,6.8157
deposit,76,1766,374.0052
deposit,63,1767,94.8272
withdrawal,53,1768,279.2392
deposit,22,1769,459.4162
dispute,78,1053,
deposit,50,1770,802.612
dispute,30,1617,
deposit,79,1771,929.2687
chargeback,59,41,
deposit,27,1772,743.0404
deposit,22,1773,48.3523
resolve,82,491,
withdrawal,92,1774,129.7385
withdrawal,19,1775,122.6919
dispute,59,1638,
withdrawal,49,1776,448.9081
withdrawal,80,1777,493.6414
resolve,85,1190,
withdrawal,30,1778,29.4802
withdrawal,40,1779,125.737
deposit,25,1780,851.0264
withdrawal,69,1781,446.1503
deposit,98,1782,388.4075
deposit,63,1783,897.2128
withdrawal,100,1784,42.0622
withdrawal,96,1785,265.6158
withdrawal,47,1786,3.7792
withdrawal,46,1787,470.6584
withdrawal,47,1788,65.5938
withdrawal,27,1789,202.0158
resolve,60,753,
dispute,18,914,
deposit,94,1790,991.0373
deposit,1,1791,492.5361
withdrawal,42,1792,299.27
deposit,68,1793,355.9814
deposit,38,1794,985.5825
dispute,73,1739,
withdrawal,98,1795,303.0093
withdrawal,1,1796,238.5021
dispute,82,331,
resolve,54,1009,
withdrawal,86,1797,62.4333
withdrawal,61,1798,339.4464
withdrawal,33,1799,209.659
dispute,4,1347,
withdrawal,73,1800,64.9309
withdrawal,76,1801,439.0094
deposit,49,1802,182.3395
withdrawal,60,1803,456.6063
resolve,79,96,
deposit,38,1804,250.901
deposit,47,1805,167.7619
dispute,32,1681,
deposit,54,1806,49.4387
dispute,94,1667,
dispute,16,966,
deposit,27,1807,670.8789
dispute,87,1556,
dispute,39,1033,
withdrawal,85,1808,232.436
deposit,63,1809,308.2809
withdrawal,21,1810,469.6475
deposit,52,1811,166.232
deposit,21,1812,680.845
withdrawal,53,1813,30.7951
withdrawal,74,1814,267.1893
withdrawal,81,1815,415.7102
deposit,60,1816,285.6542
deposit,49,1817,26.8679
deposit,80,1818,710.4436
dispute,1,442,
resolve,59,1638,
dispute,35,344,
resolve,70,83,
deposit,28,1819,858.4333
withdrawal,61,1820,70.1042
withdrawal,46,1821,34.3728
dispute,12,49,
deposit,98,1822,303.5367
withdrawal,75,1823,490.4859
withdrawal,60,1824,25.7102
deposit,72,1825,433.8068
withdrawal,95,1826,357.7113
withdrawal,47,1827,475.3184
withdrawal,92,1828,494.1417
withdrawal,66,1829,320.2132
chargeback,10,294,
withdrawal,97,1830,87.1563
withdrawal,97,1831,321.2459
dispute,22,1091,
withdrawal,64,1832,24.3266
withdrawal,20,1833,83.1984
deposit,49,1834,378.9509
withdrawal,40,1835,439.1021
deposit,14,1836,375.0599
withdrawal,100,1837,330.4812
withdrawal,89,1838,142.2187
withdrawal,26,1839,36.3567
withdrawal,87,1840,345.6189
withdrawal,14,1841,134.4664
deposit,36,1842,758.6449
dispute,14,1475,
withdrawal,45,1843,393.9879
dispute,8,47,
chargeback,13,1453,
withdrawal,4,1844,196.5568
withdrawal,64,1845,210.9975
deposit,80,1846,466.8647
withdrawal,67,1847,388.3731
withdrawal,32,1848,236.6503
chargeback,65,204,
deposit,39,1849,497.0945
deposit,53,1850,717.8286
deposit,17,1851,85.0713
deposit,51,1852,552.045
deposit,24,1853,862.7061
deposit,7,1854,423.4901
deposit,72,1855,44.7114
dispute,14,1655,
withdrawal,25,1856,461.7833
withdrawal,41,1857,294.9164
withdrawal,94,1858,248.3942
withdrawal,29,1859,73.2487
withdrawal,47,1860,201.5103
withdrawal,56,1861,145.6693
deposit,73,1862,65.8772
deposit,44,1863,73.6111
withdrawal,15,1864,202.2558
withdrawal,47,1865,253.1581
dispute,84,424,
withdrawal,93,1866,31.9293
deposit,50,1867,184.0915
withdrawal,99,1868,82.2222
deposit,4,1869,795.0635
deposit,76,1870,472.7258
withdrawal,3,1871,351.4994
deposit,38,1872,629.2881
deposit,95,1873,421.2354
dispute,18,1144,
deposit,72,1874,177.5909
withdrawal,41,1875,144.6551
withdrawal,98,1876,137.502
deposit,61,1877,868.8277
deposit,3,1878,585.3592
deposit,55,1879,683.57
dispute,61,58,
dispute,45,1258,
withdrawal,89,1880,209.1822
withdrawal,26,1881,111.0783
withdrawal,11,1882,122.088
deposit,68,1883,757.4272
deposit,81,1884,114.081
deposit,70,1885,5.0804
chargeback,55,830,
deposit,11,1886,75.2575
resolve,18,914,
withdrawal,64,1887,332.9751
deposit,40,1888,3.7661
dispute,1,1791,
withdrawal,50,1889,394.3817
chargeback,95,747,
withdrawal,57,1890,487.6625
withdrawal,4,1891,386.0925
withdrawal,8,1892,295.481
dispute,76,1530,
dispute,76,183,
deposit,12,1893,679.1275
withdrawal,89,1894,64.0095
withdrawal,87,1895,376.4369
dispute,31,1225,
resolve,43,1581,
deposit,34,1896,428.7419
dispute,22,1728,
deposit,33,1897,553.0116
withdrawal,74,1898,27.8196
withdrawal,34,1899,275.6575
dispute,89,1582,
dispute,83,961,
deposit,14,1900,595.3133
withdrawal,57,1901,375.8386
deposit,54,1902,178.222
deposit,16,1903,66.4888
dispute,2,1569,
deposit,51,1904,837.8951
deposit,96,1905,378.5614
dispute,84,474,
withdrawal,47,1906,164.0015
withdrawal,60,1907,44.9081
deposit,36,1908,446.2298
deposit,73,1909,134.7827
deposit,93,1910,149.9175
deposit,44,1911,781.6439
withdrawal,44,1912,402.4076
deposit,78,1913,170.4784
withdrawal,66,1914,270.4692
withdrawal,10,1915,176.8075
withdrawal,56,1916,299.4086
resolve,95,882,
deposit,45,1917,962.1151
deposit,9,1918,965.2934
deposit,30,1919,292.0138
deposit,91,1920,306.5635
deposit,62,1921,77.2652
deposit,95,1922,133.0132
withdrawal,62,1923,443.5007
dispute,48,1409,
withdrawal,90,1924,106.4739
deposit,88,1925,508.887
withdrawal,45,1926,102.2427
withdrawal,33,1927,145.8754
dispute,43,1001,
dispute,37,521,
deposit,90,1928,473.472
withdrawal,91,1929,267.7002
deposit,7,1930,466.6082
deposit,25,1931,80.3048
dispute,20,1099,
deposit,24,1932,80.3155
deposit,74,1933,508.2138
withdrawal,67,1934,375.574
withdrawal,31,1935,368.3403
withdrawal,80,1936,304.0507
dispute,23,267,
dispute,25,604,
deposit,81,1937,737.8759
deposit,55,1938,647.4448
deposit,40,1939,83.624
dispute,37,1216,
deposit,9,1940,503.7386
withdrawal,91,1941,342.6802
withdrawal,10,1942,244.9376
dispute,28,399,
deposit,7,1943,414.5374
deposit,26,1944,316.2487
withdrawal,21,1945,28.4611
withdrawal,8,1946,162.8135
resolve,9,923,
dispute,78,807,
deposit,78,1947,209.9982
deposit,57,1948,853.7243
withdrawal,81,1949,355.6432
deposit,71,1950,971.401
deposit,5,1951,657.147
dispute,41,792,
deposit,83,1952,392.2319
dispute,89,683,
deposit,57,1953,957.5065
withdrawal,26,1954,89.9729
deposit,65,1955,244.6058
withdrawal,71,1956,485.3772
deposit,71,1957,99.0669
deposit,86,1958,56.4516
deposit,14,1959,272.7735
withdrawal,85,1960,173.2605
withdrawal,23,1961,57.7973
withdrawal,60,1962,234.5923
dispute,48,764,
deposit,39,1963,830.9973
deposit,84,1964,768.715
deposit,85,1965,835.1648
deposit,25,1966,991.9602
deposit,21,1967,568.5805
deposit,59,1968,728.2832
withdrawal,3,1969,334.8281
deposit,56,1970,158.0911
withdrawal,32,1971,409.234
withdrawal,29,1972,373.7526
deposit,8,1973,511.3065
withdrawal,37,1974,441.8393
dispute,48,722,
withdrawal,47,1975,159.7744
deposit,5,1976,506.4483
withdrawal,91,1977,439.7224
deposit,10,1978,854.6641
withdrawal,38,1979,351.3711
deposit,66,1980,251.9387
deposit,89,1981,891.0632
deposit,66,1982,908.0797
deposit,45,1983,287.3342
deposit,65,1984,628.9218
deposit,68,1985,213.2401
deposit,49,1986,207.3627
withdrawal,33,1987,382.4891
deposit,60,1988,142.6908
withdrawal,89,1989,164.5712
withdrawal,64,1990,55.9481
dispute,10,1417,
deposit,20,1991,628.1578
dispute,95,1873,
withdrawal,83,1992,68.766
deposit,36,1993,476.4945
resolve,35,344,
withdrawal,38,1994,292.3212
deposit,87,1995,961.6172
deposit,67,1996,646.4809
dispute,58,1747,
withdrawal,13,1997,456.3177
withdrawal,9,1998,461.685
withdrawal,88,1999,421.8335
dispute,45,508,
chargeback,4,416,
dispute,79,953,
withdrawal,34,2000,226.6835
withdrawal,98,2001,311.2138
resolve,1,235,
deposit,53,2002,519.9677
withdrawal,93,2003,340.7645
withdrawal,61,2004,17.5864
withdrawal,39,2005,331.3189
withdrawal,64,2006,27.7977
withdrawal,34,2007,446.1613
deposit,63,2008,983.3088
withdrawal,72,2009,163.9161
deposit,57,2010,634.3025
withdrawal,46,2011,104.873
deposit,85,2012,413.659
deposit,43,2013,680.7556
deposit,70,2014,450.7467
deposit,26,2015,812.4078
withdrawal,66,2016,318.3016
withdrawal,85,2017,345.1162
deposit,38,2018,656.2468
resolve,55,218,
deposit,76,2019,491.8117
withdrawal,51,2020,266.6969
deposit,51,2021,522.3284
deposit,16,2022,337.6939
deposit,41,2023,133.959
deposit,7,2024,393.8897
deposit,89,2025,415.1086
deposit,71,2026,516.5255
dispute,12,687,
withdrawal,71,2027,38.1889
withdrawal,18,2028,144.7007
dispute,61,340,
deposit,54,2029,274.8436
deposit,54,2030,138.0455
withdrawal,52,2031,69.6768
resolve,31,1225,
withdrawal,91,2032,285.0095
withdrawal,43,2033,306.9146
deposit,47,2034,803.428
deposit,27,2035,655.7372
deposit,46,2036,665.1696
resolve,1,409,
withdrawal,40,2037,139.7573
dispute,41,2023,
deposit,75,2038,25.8132
dispute,69,1354,
deposit,6,2039,924.6518
deposit,82,2040,884.2931
withdrawal,27,2041,309.0415
dispute,71,1950,
withdrawal,68,2042,456.1335
dispute,19,763,
deposit,73,2043,576.4231
deposit,72,2044,696.0022
deposit,61,2045,33.1619
deposit,1,2046,924.0729
resolve,9,398,
deposit,45,2047,564.3612
deposit,1,2048,287.5671
deposit,69,2049,20.6002
deposit,21,2050,952.7448
deposit,8,2051,426.864
deposit,37,2052,975.8409
withdrawal,84,2053,104.9412
withdrawal,30,2054,282.4762
deposit,85,2055,823.0031
withdrawal,84,2056,143.443
deposit,52,2057,194.9139
deposit,84,2058,625.172
chargeback,75,392,
withdrawal,65,2059,410.2468
withdrawal,49,2060,43.2735
dispute,31,171,
deposit,44,2061,584.7765
deposit,95,2062,339.3343
deposit,84,2063,970.6818
dispute,12,1126,
dispute,45,2047,
dispute,33,396,
deposit,59,2064,271.744
deposit,67,2065,446.7225
deposit,56,2066,177.2867
dispute,28,1661,
withdrawal,44,2067,242.0285
dispute,52,1811,
deposit,4,2068,792.0087
withdrawal,69,2069,429.6542
deposit,58,2070,552.6292
deposit,27,2071,594.5755
dispute,88,520,
withdrawal,48,2072,31.662
deposit,25,2073,482.7102
withdrawal,43,2074,272.365
deposit,81,2075,39.1342
deposit,44,2076,68.4913
deposit,58,2077,892.3113
dispute,46,612,
deposit,59,2078,563.3923
withdrawal,95,2079,143.5641
deposit,86,2080,868.9877
withdrawal,41,2081,408.2456
deposit,94,2082,431.4428
dispute,63,1546,
withdrawal,85,2083,478.3619
deposit,88,2084,619.0982
withdrawal,44,2085,23.8258
withdrawal,29,2086,3.9553
dispute,23,1614,
resolve,46,612,
chargeback,55,207,
deposit,5,2087,234.9032
deposit,61,2088,553.4308
withdrawal,7,2089,263.1655
dispute,59,1638,
withdrawal,92,2090,435.3219
chargeback,26,187,
withdrawal,72,2091,301.7651
chargeback,5,16,
withdrawal,71,2092,161.6384
withdrawal,18,2093,260.3846
deposit,61,2094,162.688
deposit,92,2095,2.8302
deposit,71,2096,997.2018
deposit,52,2097,501.1387
deposit,74,2098,72.3216
withdrawal,46,2099,332.6208
deposit,92,2100,825.9311
dispute,34,728,
deposit,95,2101,971.3626
withdrawal,1,2102,320.53
dispute,91,1920,
deposit,15,2103,210.1937
deposit,66,2104,943.1666
deposit,49,2105,146.6903
withdrawal,46,2106,424.1969
deposit,57,2107,881.7142
withdrawal,23,2108,326.8795
deposit,26,2109,642.6019
withdrawal,76,2110,182.1029
withdrawal,87,2111,171.5899
withdrawal,46,2112,487.3965
deposit,19,2113,891.9922
dispute,30,1410,
deposit,15,2114,534.554
withdrawal,25,2115,154.1486
deposit,1,2116,485.7762
deposit,72,2117,879.6729
deposit,4,2118,138.9694
dispute,85,1190,
withdrawal,49,2119,282.7818
deposit,57,2120,705.3409
deposit,35,2121,916.5777
deposit,57,2122,753.8359
withdrawal,68,2123,400.6145
withdrawal,83,2124,42.5712
chargeback,1,442,
deposit,92,2125,718.7402
withdrawal,79,2126,435.0727
deposit,52,2127,968.2568
dispute,37,851,
dispute,91,596,
deposit,34,2128,603.9482
dispute,56,1624,
withdrawal,30,2129,434.764
withdrawal,59,2130,352.3361
deposit,67,2131,810.6028
withdrawal,7,2132,118.0376
deposit,22,2133,516.6213
chargeback,65,441,
dispute,34,623,
dispute,9,588,
deposit,76,2134,621.5618
withdrawal,60,2135,357.6912
chargeback,59,1638,
dispute,25,1780,
withdrawal,13,2136,397.5111
deposit,8,2137,750.988
deposit,24,2138,752.6517
withdrawal,18,2139,342.7487
deposit,31,2140,555.8683
withdrawal,35,2141,203.316
withdrawal,90,2142,365.3755
deposit,5,2143,338.7769
resolve,71,1950,
dispute,54,1902,
withdrawal,57,2144,456.6946
withdrawal,70,2145,189.4173
dispute,29,1237,
chargeback,69,692,
dispute,1,2116,
deposit,77,2146,738.3365
dispute,10,774,
resolve,77,934,
withdrawal,29,2147,377.6948
withdrawal,15,2148,51.6988
withdrawal,89,2149,480.7443
deposit,72,2150,714.2059
withdrawal,60,2151,146.7783
withdrawal,65,2152,405.434
withdrawal,58,2153,159.7404
deposit,9,2154,765.3926
dispute,71,92,
deposit,44,2155,35.7652
resolve,100,565,
dispute,4,220,
withdrawal,48,2156,60.3166
dispute,97,671,
dispute,43,1581,
chargeback,29,1237,
deposit,16,2157,402.4525
dispute,46,612,
deposit,2,2158,450.969
chargeback,37,521,
withdrawal,98,2159,265.4546
deposit,76,2160,503.6156
withdrawal,37,2161,202.5372
withdrawal,47,2162,166.917
deposit,5,2163,748.3563
deposit,98,2164,713.7996
withdrawal,13,2165,298.6078
deposit,97,2166,404.8132
dispute,29,1535,
dispute,92,941,
chargeback,23,909,
deposit,46,2167,710.705
deposit,70,2168,581.9526
dispute,40,1380,
deposit,63,2169,690.5691
deposit,74,2170,993.1866
chargeback,94,1667,
deposit,88,2171,380.6039
deposit,43,2172,183.5321
deposit,51,2173,761.8609
chargeback,85,1321,
chargeback,73,1739,
chargeback,20,829,
withdrawal,11,2174,208.2636
withdrawal,53,2175,428.8328
withdrawal,30,2176,46.2104
deposit,73,2177,399.182
deposit,70,2178,405.6926
withdrawal,42,2179,196.3097
deposit,64,2180,53.0981
withdrawal,12,2181,10.5077
dispute,41,538,
withdrawal,72,2182,131.2637
deposit,6,2183,898.8702
withdrawal,33,2184,410.7717
withdrawal,27,2185,389.1443
deposit,34,2186,436.5903
withdrawal,6,2187,495.8884
dispute,44,1625,
deposit,99,2188,824.3141
deposit,24,2189,210.1694
deposit,47,2190,232.7839
withdrawal,37,2191,262.2675
dispute,2,291,
chargeback,80,182,
deposit,96,2192,871.4463
deposit,52,2193,856.13
deposit,60,2194,674.0865
dispute,72,2117,
withdrawal,62,2195,226.2972
deposit,17,2196,413.3616
withdrawal,63,2197,110.2017
dispute,21,1689,
withdrawal,75,2198,478.0086
withdrawal,69,2199,281.2008
deposit,62,2200,273.2218
deposit,1,2201,663.4085
withdrawal,90,2202,23.259
deposit,14,2203,267.4715
deposit,70,2204,525.7327
dispute,56,2066,
dispute,47,1714,
withdrawal,67,2205,52.56
resolve,43,1581,
deposit,92,2206,897.5469
withdrawal,87,2207,356.3418
withdrawal,35,2208,164.9633
withdrawal,28,2209,473.0845
deposit,35,2210,329.571
deposit,39,2211,290.4919
dispute,95,888,
withdrawal,26,2212,154.5517
deposit,16,2213,750.9498
withdrawal,74,2214,379.6956
deposit,29,2215,955.1779
deposit,40,2216,209.1417
deposit,10,2217,596.5106
withdrawal,2,2218,6.2565
deposit,69,2219,814.7
withdrawal,11,2220,330.8776
withdrawal,37,2221,422.7252
deposit,18,2222,833.1353
withdrawal,83,2223,445.6933
resolve,17,983,
deposit,28,2224,948.1388
withdrawal,98,2225,287.9494
deposit,95,2226,218.5021
deposit,58,2227,16.0521
deposit,83,2228,609.5968
deposit,5,2229,633.9716
deposit,91,2230,638.6035
withdrawal,57,2231,375.5453
deposit,72,2232,409.7434
dispute,55,805,
withdrawal,61,2233,448.9166
withdrawal,64,2234,227.3386
deposit,31,2235,947.5931
chargeback,84,424,
deposit,53,2236,526.107
dispute,73,794,
dispute,13,734,
withdrawal,73,2237,53.215
dispute,62,943,
withdrawal,46,2238,38.5339
chargeback,54,407,
deposit,76,2239,691.3484
deposit,95,2240,227.449
deposit,46,2241,826.3725
withdrawal,43,2242,439.4881
deposit,26,2243,794.5772
withdrawal,6,2244,279.7193
withdrawal,81,2245,397.7085
deposit,53,2246,325.7694
dispute,50,482,
withdrawal,95,2247,253.4139
deposit,10,2248,548.4381
withdrawal,92,2249,354.5675
withdrawal,33,2250,267.8876
withdrawal,11,2251,153.6355
chargeback,85,1190,
withdrawal,76,2252,313.553
dispute,67,2131,
deposit,38,2253,907.1278
deposit,2,2254,295.7565
deposit,80,2255,490.5146
deposit,92,2256,492.8487
dispute,24,1029,
deposit,32,2257,488.2423
deposit,48,2258,139.4323
deposit,99,2259,767.6712
withdrawal,92,2260,12.3853
deposit,95,2261,298.3475
deposit,82,2262,298.4273
deposit,43,2263,259.7283
dispute,75,1186,
withdrawal,68,2264,275.3851
dispute,55,1879,
deposit,8,2265,206.6134
dispute,31,2235,
deposit,70,2266,897.418
withdrawal,1,2267,226.2918
deposit,27,2268,879.3982
deposit,16,2269,143.6753
withdrawal,34,2270,283.6307
withdrawal,8,2271,266.4205
deposit,57,2272,871.9574
dispute,35,344,
deposit,70,2273,206.4243
deposit,42,2274,370.4885
deposit,93,2275,634.863
deposit,75,2276,585.5613
deposit,37,2277,891.995
deposit,69,2278,279.8364
deposit,83,2279,218.797
withdrawal,76,2280,359.969
deposit,38,2281,451.9319
deposit,20,2282,355.8265
withdrawal,21,2283,229.7143
withdrawal,13,2284,119.5275
withdrawal,25,2285,78.5146
deposit,36,2286,257.8433
chargeback,40,417,
deposit,8,2287,303.1482
deposit,69,2288,621.1285
withdrawal,73,2289,157.3373
withdrawal,66,2290,411.7757
withdrawal,83,2291,232.755
withdrawal,1,2292,268.5328
chargeback,84,474,
resolve,78,807,
deposit,90,2293,547.6091
withdrawal,3,2294,435.8937
deposit,71,2295,547.7398
deposit,49,2296,779.4423
withdrawal,6,2297,172.72
withdrawal,60,2298,164.4745
deposit,26,2299,237.677
withdrawal,62,2300,491.5763
deposit,56,2301,376.1848
dispute,79,1378,
deposit,41,2302,973.2227
withdrawal,8,2303,384.8441
deposit,10,2304,698.6145
withdrawal,74,2305,158.1274
resolve,27,178,
withdrawal,29,2306,362.5194
deposit,14,2307,430.0356
dispute,21,1618,
withdrawal,64,2308,313.3663
withdrawal,7,2309,369.8671
deposit,18,2310,398.3934
deposit,57,2311,246.5238
dispute,84,2063,
deposit,36,2312,107.1753
deposit,84,2313,772.3279
chargeback,2,291,
deposit,90,2314,802.6458
deposit,82,2315,133.1292
withdrawal,34,2316,201.0996
withdrawal,30,2317,96.8992
withdrawal,61,2318,81.6725
dispute,67,1505,
withdrawal,74,2319,231.0459
deposit,22,2320,513.7303
withdrawal,78,2321,379.0812
deposit,67,2322,507.0234
deposit,52,2323,530.6906
withdrawal,17,2324,189.4132
dispute,92,243,
deposit,49,2325,951.9193
withdrawal,58,2326,165.2769
chargeback,7,137,
withdrawal,75,2327,458.9791
deposit,92,2328,580.9759
deposit,1,2329,861.0013
withdrawal,43,2330,75.8465
deposit,81,2331,612.0282
deposit,5,2332,386.2397
withdrawal,74,2333,217.653
deposit,29,2334,526.8408
deposit,1,2335,498.7507
deposit,82,2336,500.7102
deposit,37,2337,28.8822
deposit,62,2338,339.1665
withdrawal,40,2339,386.0267
withdrawal,45,2340,407.1901
withdrawal,24,2341,452.1552
withdrawal,39,2342,176.4984
dispute,64,1754,
withdrawal,23,2343,118.6594
dispute,70,2014,
dispute,60,753,
dispute,44,938,
deposit,22,2344,916.716
deposit,75,2345,814.663
deposit,11,2346,938.2078
withdrawal,70,2347,302.7922
deposit,41,2348,5.6889
withdrawal,51,2349,440.5309
withdrawal,74,2350,300.2758
deposit,98,2351,335.8905
withdrawal,39,2352,16.7121
withdrawal,29,2353,279.3944
deposit,7,2354,241.9425
deposit,44,2355,568.2338
resolve,53,1545,
deposit,78,2356,654.1413
dispute,87,641,
withdrawal,4,2357,38.7779
deposit,40,2358,67.5469
withdrawal,41,2359,459.1847
deposit,52,2360,134.3702
deposit,38,2361,60.1017
deposit,17,2362,54.5436
withdrawal,4,2363,278.7967
withdrawal,52,2364,88.2122
deposit,45,2365,531.5165
deposit,29,2366,44.3223
withdrawal,75,2367,346.491
withdrawal,96,2368,341.8855
deposit,41,2369,335.4697
dispute,94,1418,
deposit,5,2370,681.2411
deposit,74,2371,252.4232
withdrawal,47,2372,434.399
dispute,13,427,
withdrawal,43,2373,10.6785
deposit,77,2374,445.7131
deposit,85,2375,377.8559
chargeback,10,1417,
chargeback,13,427,
deposit,91,2376,233.7089
deposit,54,2377,767.661
withdrawal,47,2378,391.0316
withdrawal,64,2379,15.226
deposit,54,2380,665.5815
deposit,53,2381,552.8281
deposit,28,2382,337.9011
withdrawal,19,2383,79.0208
withdrawal,84,2384,13.708
deposit,44,2385,574.965
resolve,90,1169,
deposit,99,2386,371.4026
withdrawal,48,2387,411.897
deposit,72,2388,362.2476
deposit,22,2389,765.0478
withdrawal,93,2390,475.3974
deposit,98,2391,441.8897
dispute,11,744,
deposit,31,2392,918.1652
deposit,72,2393,800.8948
withdrawal,13,2394,469.614
deposit,95,2395,346.8991
withdrawal,91,2396,255.7162
withdrawal,23,2397,270.0717
withdrawal,42,2398,437.8674
deposit,89,2399,146.4429
deposit,86,2400,22.0187
deposit,41,2401,587.727
dispute,43,1581,
withdrawal,79,2402,372.9735
withdrawal,52,2403,405.3953
withdrawal,16,2404,141.3242
withdrawal,54,2405,218.2317
chargeback,26,587,
deposit,14,2406,437.8732
dispute,3,696,
deposit,76,2407,834.7146
chargeback,64,261,
deposit,73,2408,564.1772
dispute,58,1701,
withdrawal,28,2409,352.1333
chargeback,100,114,
deposit,49,2410,753.658
deposit,75,2411,670.6142
withdrawal,1,2412,204.9056
chargeback,1,1791,
withdrawal,38,2413,13.161
withdrawal,17,2414,23.9116
resolve,67,1505,
withdrawal,69,2415,329.1778
deposit,14,2416,51.6575
deposit,67,2417,118.8616
deposit,28,2418,265.3782
